<?xml version='1.0' encoding='utf-8'?>
<!DOCTYPE hibernate-configuration PUBLIC
  "-//Hibernate/Hibernate Configuration DTD//EN"
  "http://hibernate.sourceforge.net/hibernate-configuration-3.0.dtd">
<hibernate-configuration>
  <session-factory>
    <property name="connection.url"/>
    <property name="connection.driver_class"/>
    <property name="connection.username"/>
    <property name="connection.password"/>
    <!-- DB schema will be updated if needed -->
    <!-- <property name="hbm2ddl.auto">update</property> -->

	  <mapping file="InvItem.hbm.xml" />
	  <mapping file="InvDepartment.hbm.xml" />
	  <mapping file="InvStockroom.hbm.xml" />
	  <mapping file="InvInstitution.hbm.xml" />

  </session-factory>
</hibernate-configuration>