<?xml version="1.0" encoding="UTF-8"?>
<beans xmlns="http://www.springframework.org/schema/beans"
	xmlns:xsi="http://www.w3.org/2001/XMLSchema-instance" xmlns:p="http://www.springframework.org/schema/p"
	xmlns:context="http://www.springframework.org/schema/context"
	xmlns:jee="http://www.springframework.org/schema/jee" xmlns:tx="http://www.springframework.org/schema/tx"
	xmlns:aop="http://www.springframework.org/schema/aop" xmlns:util="http://www.springframework.org/schema/util"
	xsi:schemaLocation="http://www.springframework.org/schema/beans
  		    http://www.springframework.org/schema/beans/spring-beans-3.0.xsd
  		    http://www.springframework.org/schema/context
  		    http://www.springframework.org/schema/context/spring-context-3.0.xsd
  		    http://www.springframework.org/schema/jee
  		    http://www.springframework.org/schema/jee/spring-jee-3.0.xsd
  		    http://www.springframework.org/schema/tx
  		    http://www.springframework.org/schema/tx/spring-tx-3.0.xsd
  		    http://www.springframework.org/schema/aop
  		    http://www.springframework.org/schema/aop/spring-aop-3.0.xsd
  		    http://www.springframework.org/schema/util
  		    http://www.springframework.org/schema/util/spring-util-3.0.xsd">

	<!-- Add here beans related to the API context -->


	<!-- Services accessible via Context.getService() -->
	<bean parent="serviceContext">
		<property name="moduleService">
			<list merge="true">
				<value>org.openmrs.module.openhmis.inventory.api.IItemDataService</value>
				<ref bean="invItemService" />
			</list>
		</property>
	</bean>
	<bean parent="serviceContext">
		<property name="moduleService">
			<list merge="true">
				<value>org.openmrs.module.openhmis.inventory.api.IItemAttributeTypeDataService</value>
				<ref bean="invItemAttributeTypeService" />
			</list>
		</property>
	</bean>
	<bean parent="serviceContext">
		<property name="moduleService">
			<list merge="true">
				<value>org.openmrs.module.openhmis.inventory.api.IDepartmentDataService</value>
				<ref bean="invDepartmentService" />
			</list>
		</property>
	</bean>
	<bean parent="serviceContext">
		<property name="moduleService">
			<list merge="true">
				<value>org.openmrs.module.openhmis.inventory.api.IStockroomDataService</value>
				<ref bean="invStockroomDataService" />
			</list>
		</property>
	</bean>
	<bean parent="serviceContext">
		<property name="moduleService">
			<list merge="true">
				<value>org.openmrs.module.openhmis.inventory.api.IItemStockDataService</value>
				<ref bean="invItemStockDataService" />
			</list>
		</property>
	</bean>
	<bean parent="serviceContext">
		<property name="moduleService">
			<list merge="true">
				<value>org.openmrs.module.openhmis.inventory.api.IStockOperationDataService</value>
				<ref bean="invStockOperationDataService" />
			</list>
		</property>
	</bean>
	<bean parent="serviceContext">
		<property name="moduleService">
			<list merge="true">
				<value>org.openmrs.module.openhmis.inventory.api.IStockOperationService</value>
				<ref bean="invStockOperationService" />
			</list>
		</property>
	</bean>
	<bean parent="serviceContext">
		<property name="moduleService">
			<list merge="true">
				<value>org.openmrs.module.openhmis.inventory.api.IStockOperationTypeDataService</value>
				<ref bean="invStockOperationTypeDataService" />
			</list>
		</property>
	</bean>
	<bean parent="serviceContext">
		<property name="moduleService">
			<list merge="true">
				<value>org.openmrs.module.openhmis.inventory.api.IStockOperationTransactionDataService</value>
				<ref bean="invStockOperationTransactionDataService" />
			</list>
		</property>
	</bean>
	<bean parent="serviceContext">
        <property name="moduleService">
            <list merge="true">
                <value>org.openmrs.module.openhmis.inventory.api.IInstitutionDataService</value>
                <ref bean="invInstitutionService" />
            </list>
        </property>
    </bean>
    <bean parent="serviceContext">
        <property name="moduleService">
            <list merge="true">
                <value>org.openmrs.module.openhmis.inventory.api.IItemConceptSuggestionDataService</value>
                <ref bean="invItemConceptSuggestionService" />
            </list>
        </property>
    </bean>
	<bean parent="serviceContext">
		<property name="moduleService">
			<list merge="true">
				<value>org.openmrs.module.openhmis.inventory.api.IStockOperationAttributeTypeDataService</value>
				<ref bean="invStockOperationAttributeTypeDataService" />
			</list>
		</property>
	</bean>
	<bean parent="serviceContext">
		<property name="moduleService">
			<list merge="true">
				<value>org.openmrs.module.openhmis.inventory.api.IItemStockDetailDataService</value>
				<ref bean="invItemStockDetailDataService" />
			</list>
		</property>
	</bean>

	<!-- Service Bean Definitions -->
	<bean id="invItemService" class="org.springframework.transaction.interceptor.TransactionProxyFactoryBean">
		<property name="transactionManager" ref="transactionManager" />
		<property name="target">
			<bean class="org.openmrs.module.openhmis.inventory.api.impl.ItemDataServiceImpl">
				<property name="repository" ref="genericRepository" />
			</bean>
		</property>
		<property name="preInterceptors" ref="serviceInterceptors" />
		<property name="transactionAttributeSource" ref="transactionAttributeSource" />
	</bean>
	<bean id="invItemAttributeTypeService" class="org.springframework.transaction.interceptor.TransactionProxyFactoryBean">
		<property name="transactionManager" ref="transactionManager" />
		<property name="target">
			<bean class="org.openmrs.module.openhmis.inventory.api.impl.ItemAttributeTypeDataServiceImpl">
				<property name="repository" ref="genericRepository" />
			</bean>
		</property>
		<property name="preInterceptors" ref="serviceInterceptors" />
		<property name="transactionAttributeSource" ref="transactionAttributeSource" />
	</bean>
	<bean id="invDepartmentService" class="org.springframework.transaction.interceptor.TransactionProxyFactoryBean">
		<property name="transactionManager" ref="transactionManager" />
		<property name="target">
			<bean class="org.openmrs.module.openhmis.inventory.api.impl.DepartmentDataServiceImpl">
				<property name="repository" ref="genericRepository" />
			</bean>
		</property>
		<property name="preInterceptors" ref="serviceInterceptors" />
		<property name="transactionAttributeSource" ref="transactionAttributeSource" />
	</bean>
	<bean id="invStockroomDataService" class="org.springframework.transaction.interceptor.TransactionProxyFactoryBean">
		<property name="transactionManager" ref="transactionManager" />
		<property name="target">
			<bean class="org.openmrs.module.openhmis.inventory.api.impl.StockroomDataServiceImpl">
				<property name="repository" ref="genericRepository" />
			</bean>
		</property>
		<property name="preInterceptors" ref="serviceInterceptors" />
		<property name="transactionAttributeSource" ref="transactionAttributeSource" />
	</bean>
	<bean id="invItemStockDataService" class="org.springframework.transaction.interceptor.TransactionProxyFactoryBean">
		<property name="transactionManager" ref="transactionManager" />
		<property name="target">
			<bean class="org.openmrs.module.openhmis.inventory.api.impl.ItemStockDataServiceImpl">
				<property name="repository" ref="genericRepository" />
			</bean>
		</property>
		<property name="preInterceptors" ref="serviceInterceptors" />
		<property name="transactionAttributeSource" ref="transactionAttributeSource" />
	</bean>
	<bean id="invStockOperationDataService" class="org.springframework.transaction.interceptor.TransactionProxyFactoryBean">
		<property name="transactionManager" ref="transactionManager" />
		<property name="target">
			<bean class="org.openmrs.module.openhmis.inventory.api.impl.StockOperationDataServiceImpl">
				<property name="repository" ref="genericRepository" />
			</bean>
		</property>
		<property name="preInterceptors" ref="serviceInterceptors" />
		<property name="transactionAttributeSource" ref="transactionAttributeSource" />
	</bean>
	<bean id="invStockOperationService" class="org.springframework.transaction.interceptor.TransactionProxyFactoryBean">
		<property name="transactionManager" ref="transactionManager" />
		<property name="target">
			<bean class="org.openmrs.module.openhmis.inventory.api.impl.StockOperationServiceImpl" />
		</property>
		<property name="preInterceptors" ref="serviceInterceptors" />
		<property name="transactionAttributeSource" ref="transactionAttributeSource" />
	</bean>
	<bean id="invStockOperationTypeDataService" class="org.springframework.transaction.interceptor.TransactionProxyFactoryBean">
		<property name="transactionManager" ref="transactionManager" />
		<property name="target">
			<bean class="org.openmrs.module.openhmis.inventory.api.impl.StockOperationTypeDataServiceImpl">
				<property name="repository" ref="genericRepository" />
			</bean>
		</property>
		<property name="preInterceptors" ref="serviceInterceptors" />
		<property name="transactionAttributeSource" ref="transactionAttributeSource" />
	</bean>
	<bean id="invStockOperationTransactionDataService" class="org.springframework.transaction.interceptor.TransactionProxyFactoryBean">
		<property name="transactionManager" ref="transactionManager" />
		<property name="target">
			<bean class="org.openmrs.module.openhmis.inventory.api.impl.StockOperationTransactionDataServiceImpl">
				<property name="repository" ref="genericRepository" />
			</bean>
		</property>
		<property name="preInterceptors" ref="serviceInterceptors" />
		<property name="transactionAttributeSource" ref="transactionAttributeSource" />
	</bean>
	<bean id="invInstitutionService" class="org.springframework.transaction.interceptor.TransactionProxyFactoryBean">
        <property name="transactionManager" ref="transactionManager" />
        <property name="target">
            <bean class="org.openmrs.module.openhmis.inventory.api.impl.InstitutionDataServiceImpl">
                <property name="repository" ref="genericRepository" />
            </bean>
        </property>
        <property name="preInterceptors" ref="serviceInterceptors" />
        <property name="transactionAttributeSource" ref="transactionAttributeSource" />
    </bean>
    <bean id="invItemConceptSuggestionService" class="org.springframework.transaction.interceptor.TransactionProxyFactoryBean">
        <property name="transactionManager" ref="transactionManager" />
        <property name="target">
            <bean class="org.openmrs.module.openhmis.inventory.api.impl.ItemConceptSuggestionDataServiceImpl">
                <property name="repository" ref="genericRepository" />
                <property name="itemDataService" ref="invItemService" />
            </bean>
        </property>
        <property name="preInterceptors" ref="serviceInterceptors" />
        <property name="transactionAttributeSource" ref="transactionAttributeSource" />
    </bean>
	<bean id="invStockOperationAttributeTypeDataService" class="org.springframework.transaction.interceptor.TransactionProxyFactoryBean">
		<property name="transactionManager" ref="transactionManager" />
		<property name="target">
			<bean class="org.openmrs.module.openhmis.inventory.api.impl.StockOperationAttributeTypeDataServiceImpl">
				<property name="repository" ref="genericRepository" />
			</bean>
		</property>
		<property name="preInterceptors" ref="serviceInterceptors" />
		<property name="transactionAttributeSource" ref="transactionAttributeSource" />
	</bean>
	<bean id="invItemStockDetailDataService" class="org.springframework.transaction.interceptor.TransactionProxyFactoryBean">
		<property name="transactionManager" ref="transactionManager" />
		<property name="target">
			<bean class="org.openmrs.module.openhmis.inventory.api.impl.ItemStockDetailDataServiceImpl">
				<property name="repository" ref="genericRepository" />
			</bean>
		</property>
		<property name="preInterceptors" ref="serviceInterceptors" />
		<property name="transactionAttributeSource" ref="transactionAttributeSource" />
	</bean>
</beans>
