[
  {
    "id": "${project.parent.artifactId}",
    "description": "Provides inventory services that can be used by other modules",
    "order": 20,
    "extensions": [
      {
        "id": "openhmis.inventory.inventoryLandingPageLink",
        "extensionPointId": "org.openmrs.referenceapplication.homepageLink",
        "type": "link",
        "label": "Inventory",
        "url": "openhmis.inventory/inventoryLanding.page",
        "icon": "icon-book",
        "requiredPrivilege": "App: View Inventory App"
      },
      
      {
        "id": "openhmis.inventory.registration.editVisit",
        "extensionPointId": "org.openmrs.referenceapplication.homepageLink",
        "type": "link",
        "label": "Edit Visit",
        "url": "findPatient.htm",
        "icon": "icon-stethoscope",
        "requiredPrivilege": "App: Edit Visit"
      },

      {
        "id": "openhmis.inventory.inventoryTasksLink",
        "extensionPointId": "org.openmrs.module.openhmis.inventory.landing",
        "type": "link",
        "label": "Inventory Tasks",
        "url": "module/openhmis/inventory/inventory.form",
        "icon": "icon-book",
        "requiredPrivilege": "App: Access Inventory Tasks"
      },

      {
        "id": "openhmis.inventory.manageInventoryModuleLink",
        "extensionPointId": "org.openmrs.module.openhmis.inventory.landing",
        "type": "link",
        "label": "Manage Inventory Module",
        "url": "openhmis.inventory/inventory/manageModule.page",
        "icon": "icon-cogs",
        "requiredPrivilege": "Task: Manage Inventory Module"
      },

      {
        "id": "openhmis.inventory.inventoryRoleCreationLink",
        "extensionPointId": "org.openmrs.module.openhmis.inventory.manage.module",
        "type": "link",
        "label": "Inventory Role Creation",
        "url": "module/openhmis/inventory/roleCreation2x.page",
        "icon": "icon-user",
        "requiredPrivilege": "Task: Access Inventory Role Creation"
      },

      {
        "id": "openhmis.inventory.manageItemsLink",
        "extensionPointId": "org.openmrs.module.openhmis.inventory.manage.module",
        "type": "link",
        "label": "Manage Items",
        "url": "openhmis.inventory/item/entities.page",
        "icon": "icon-italic",
        "requiredPrivilege": "Task: Access Manage Items"
      },

      {
        "id": "openhmis.inventory.manageItemAttributeTypesLink",
        "extensionPointId": "org.openmrs.module.openhmis.inventory.manage.module",
        "type": "link",
        "label": "Manage Item Attribute Types",
        "url": "openhmis.inventory/itemAttributes/entities.page",
        "icon": "icon-edit",
        "requiredPrivilege": "Task: Access Manage Item Attribute Types"
      },

      {
        "id": "openhmis.inventory.manageDepartmentsLink",
        "extensionPointId": "org.openmrs.module.openhmis.inventory.manage.module",
        "type": "link",
        "label": "Manage Departments",
        "url": "openhmis.inventory/department/entities.page",
        "icon": "icon-briefcase",
        "requiredPrivilege": "Task: Access Manage Departments"
      },
      
      {
        "id": "openhmis.inventory.manageInstitutionsLink",
        "extensionPointId": "org.openmrs.module.openhmis.inventory.manage.module",
        "type": "link",
        "label": "Manage Institutions",
        "url": "openhmis.inventory/institution/entities.page",
        "icon": "icon-building",
        "requiredPrivilege": "Task: Access Manage Institutions"
      },

      {
        "id": "openhmis.inventory.manageStockroomsLink",
        "extensionPointId": "org.openmrs.module.openhmis.inventory.manage.module",
        "type": "link",
        "label": "Manage Stockrooms",
        "url": "openhmis.inventory/stockroom/entities.page",
        "icon": "icon-home",
        "requiredPrivilege": "Task: Access Manage Stockrooms"
      },

      {
        "id": "openhmis.inventory.manageOperationTypesLink",
        "extensionPointId": "org.openmrs.module.openhmis.inventory.manage.module",
        "type": "link",
        "label": "Manage Operation Types",
        "url": "openhmis.inventory/operationTypes/entities.page",
        "icon": "icon-edit",
        "requiredPrivilege": "Task: Access Manage Operation Types"
      },

      {
        "id": "openhmis.inventory.viewStockOperationLink",
        "extensionPointId": "org.openmrs.module.openhmis.inventory.manage.module",
        "type": "link",
        "label": "View Stock Operation",
        "url": "openhmis.inventory/stockOperations/entities.page",
        "icon": "icon-list",
        "requiredPrivilege": "Task: Access View Stock Operations"
      },

      {
        "id": "openhmis.inventory.generateItemMappingsLink",
        "extensionPointId": "org.openmrs.module.openhmis.inventory.manage.module",
        "type": "link",
        "label": "Generate Item Mappings",
        "url": "module/openhmis/inventory/itemConceptSuggestion.form",
        "icon": "icon-random",
        "requiredPrivilege": "Task: Access Generate Item Mappings"
      },

      {
        "id": "openhmis.inventory.inventorySettingsLink",
        "extensionPointId": "org.openmrs.module.openhmis.inventory.manage.module",
        "type": "link",
        "label": "Inventory Settings",
        "url": "module/openhmis/inventory/settings2x.page",
        "icon": "icon-cog",
        "requiredPrivilege": "Task: Access Inventory Settings"
      }
    ]
  }
]
